-- select current_database();

create table vote_vote(
	v_jumin varchar(13) primary key,
	v_name varchar(20),
	m_no varchar(1),
	v_time varchar(4),
	v_area varchar(20),
	v_confirm varchar(1)
);

create table vote_member(
	m_no varchar(1) primary key,
	m_name varchar(20),
	p_code varchar(2),
	p_school varchar(1),
	m_jumin varchar(13),
	m_city varchar(20)
);

create table vote_party(
	p_code varchar(2) primary key,
	p_name varchar(20),
	p_indate DATE,
	p_reader varchar(20),
	p_tel1 varchar(3),
	p_tel2 varchar(4),
	p_tel3 varchar(4)
);

insert into vote_party(p_code,p_name,p_indate,p_reader,p_tel1,p_tel2,p_tel3) values
('P1', '민주당', '2023-01-01', '위길동', '010', '1111', '1111'),
('P2', '국민당', '2023-01-02', '촉길동', '010', '2222', '2222'),
('P3', '진보당', '2023-01-03', '오길동', '010', '3333', '3333'),
('P4', '자유당', '2023-01-04', '옥길동', '010', '4444', '4444'),
('P5', '노동당', '2023-01-05', '엄길동', '010', '5555', '5555');

insert into vote_member(m_no,m_name,p_code,p_school,m_jumin,m_city) values
('1', '김후보', 'P1', '1', '9901011999991', '제1투표장'),
('2', '이후보', 'P2', '3', '8801012999992', '제2투표장'),
('3', '박후보', 'P3', '2', '7701011999993', '제3투표장'),
('4', '홍후보', 'P4', '2', '6601012999994', '제4투표장'),
('5', '조후보', 'P5', '3', '5501011999995', '제5투표장');

INSERT INTO vote_vote (v_jumin, v_name, m_no, v_time, v_area, v_confirm) VALUES
('99010110001', '김유권', 1, '0930', '제1투표장', 'N'),
('89010120002', '이유권', 2, '0930', '제1투표장', 'N'),
('69010110003', '박유권', 3, '0930', '제1투표장', 'Y'),
('59010120004', '홍유권', 4, '0930', '제1투표장', 'Y'),
('79010110005', '조유권', 5, '0930', '제1투표장', 'Y'),
('89010120006', '최유권', 1, '0930', '제1투표장', 'Y'),
('59010110007', '지유권', 1, '0930', '제1투표장', 'Y'),
('49010120008', '장유권', 3, '0930', '제1투표장', 'Y'),
('79010110009', '정유권', 3, '0930', '제1투표장', 'Y'),
('890101200010', '강유권', 4, '0930', '제1투표장', 'Y'),
('99010110011', '신유권', 5, '0930', '제1투표장', 'Y'),
('79010120012', '오유권', 1, '1330', '제1투표장', 'Y'),
('69010110013', '현유권', 4, '1330', '제2투표장', 'Y'),
('89010110014', '왕유권', 2, '1330', '제2투표장', 'Y'),
('99010110015', '유유권', 3, '1330', '제2투표장', 'Y'),
('79010110016', '한유권', 2, '1330', '제2투표장', 'Y'),
('89010110017', '문유권', 4, '1330', '제2투표장', 'Y'),
('99010110018', '양유권', 2, '1330', '제2투표장', 'Y'),
('99010110019', '구유권', 4, '1330', '제2투표장', 'Y'),
('79010110020', '황유권', 5, '1330', '제2투표장', 'Y'),
('69010110021', '배유권', 3, '1330', '제2투표장', 'Y'),
('79010110022', '전유권', 3, '1330', '제2투표장', 'Y'),
('99010110023', '고유권', 1, '1330', '제2투표장', 'Y'),
('59010110024', '권유권', 3, '1330', '제2투표장', 'Y');